/*
 Navicat Premium Data Transfer

 Source Server         : localhost_3306
 Source Server Type    : MySQL
 Source Server Version : 80026
 Source Host           : localhost:3306
 Source Schema         : magic_node

 Target Server Type    : MySQL
 Target Server Version : 80026
 File Encoding         : 65001

 Date: 29/10/2022 01:11:11
*/

SET NAMES utf8mb4;
SET FOREIGN_KEY_CHECKS = 0;

-- ----------------------------
-- Table structure for sys_dept
-- ----------------------------
DROP TABLE IF EXISTS `sys_dept`;
CREATE TABLE `sys_dept`  (
  `id` bigint NOT NULL COMMENT '主键',
  `tenantId` varchar(12) CHARACTER SET utf8mb4 COLLATE utf8mb4_general_ci NULL DEFAULT '000000' COMMENT '租户ID',
  `parentId` bigint NULL DEFAULT 0 COMMENT '父主键',
  `ancestors` varchar(2000) CHARACTER SET utf8mb4 COLLATE utf8mb4_general_ci NULL DEFAULT NULL COMMENT '祖级列表',
  `deptCategory` int NULL DEFAULT NULL COMMENT '部门类型',
  `deptName` varchar(45) CHARACTER SET utf8mb4 COLLATE utf8mb4_general_ci NULL DEFAULT NULL COMMENT '部门名',
  `fullName` varchar(45) CHARACTER SET utf8mb4 COLLATE utf8mb4_general_ci NULL DEFAULT NULL COMMENT '部门全称',
  `sort` int NULL DEFAULT 0 COMMENT '排序',
  `remark` varchar(255) CHARACTER SET utf8mb4 COLLATE utf8mb4_general_ci NULL DEFAULT NULL COMMENT '备注',
  `deleted` tinyint NULL DEFAULT 0 COMMENT '是否已删除',
  PRIMARY KEY (`id`) USING BTREE
) ENGINE = InnoDB CHARACTER SET = utf8mb4 COLLATE = utf8mb4_general_ci COMMENT = '机构表' ROW_FORMAT = Dynamic;

-- ----------------------------
-- Records of sys_dept
-- ----------------------------
INSERT INTO `sys_dept` VALUES (1123598813738675201, '000000', 0, '0', 1, '刀锋科技', '江苏刀锋科技有限公司', 1, NULL, 0);
INSERT INTO `sys_dept` VALUES (1123598813738675202, '000000', 1123598813738675201, '0,1123598813738675201', 1, '常州刀锋', '常州刀锋科技有限公司', 1, NULL, 0);
INSERT INTO `sys_dept` VALUES (1123598813738675203, '000000', 1123598813738675201, '0,1123598813738675201', 1, '苏州刀锋', '苏州刀锋科技有限公司', 1, NULL, 0);

-- ----------------------------
-- Table structure for sys_dict
-- ----------------------------
DROP TABLE IF EXISTS `sys_dict`;
CREATE TABLE `sys_dict`  (
  `id` bigint NOT NULL COMMENT '主键',
  `parentId` bigint NOT NULL DEFAULT 0 COMMENT '父主键',
  `remark` varchar(255) CHARACTER SET utf8mb4 COLLATE utf8mb4_0900_ai_ci NULL DEFAULT NULL COMMENT '描述',
  `code` varchar(255) CHARACTER SET utf8mb4 COLLATE utf8mb4_0900_ai_ci NULL DEFAULT NULL COMMENT '字典码',
  `dictKey` varchar(255) CHARACTER SET utf8mb4 COLLATE utf8mb4_0900_ai_ci NULL DEFAULT NULL COMMENT '字典值',
  `dictValue` varchar(255) CHARACTER SET utf8mb4 COLLATE utf8mb4_0900_ai_ci NULL DEFAULT NULL COMMENT '字典名称',
  `sort` int NULL DEFAULT 0 COMMENT '排序',
  `sealed` tinyint NULL DEFAULT 0 COMMENT '0未封存1封存',
  `deleted` tinyint NULL DEFAULT 0 COMMENT '0未删除 1已删除',
  `createdBy` bigint NULL DEFAULT NULL COMMENT '创建人',
  `updatedBy` bigint NULL DEFAULT NULL COMMENT '更新人',
  `createdAt` datetime NULL DEFAULT NULL COMMENT '创建时间',
  `updatedAt` datetime NULL DEFAULT NULL COMMENT '更新时间',
  PRIMARY KEY (`id`) USING BTREE
) ENGINE = InnoDB CHARACTER SET = utf8mb4 COLLATE = utf8mb4_0900_ai_ci ROW_FORMAT = Dynamic;

-- ----------------------------
-- Records of sys_dict
-- ----------------------------
INSERT INTO `sys_dict` VALUES (746263254132588544, 0, NULL, 'sex', '-1', '性别', 0, 0, 0, 743789983910854656, 743789983910854656, '2022-10-26 23:31:52', '2022-10-27 16:09:49');
INSERT INTO `sys_dict` VALUES (746263519673974784, 746263254132588544, NULL, 'sex', '1', '男', 0, 0, 0, 743789983910854656, NULL, '2022-10-26 23:32:23', NULL);
INSERT INTO `sys_dict` VALUES (746263621796888576, 746263254132588544, NULL, 'sex', '2', '女', 0, 0, 0, 743789983910854656, 743789983910854656, '2022-10-26 23:32:36', '2022-10-26 23:43:00');
INSERT INTO `sys_dict` VALUES (746796519335657472, 746263254132588544, '', 'sex', '3', '未知', 1, 0, 0, 743789983910854656, NULL, '2022-10-27 17:11:22', NULL);
INSERT INTO `sys_dict` VALUES (746889715126370304, 0, '', 'org_category', '-1', '机构类型', 1, 0, 0, 743789983910854656, NULL, '2022-10-27 20:16:32', NULL);
INSERT INTO `sys_dict` VALUES (746944839144177664, 746889715126370304, '', 'org_category', '1', '公司', 1, 0, 0, 743789983910854656, NULL, '2022-10-27 22:06:03', NULL);
INSERT INTO `sys_dict` VALUES (746944943683010560, 746889715126370304, '', 'org_category', '2', '部门', 2, 0, 0, 743789983910854656, 743789983910854656, '2022-10-27 22:06:16', '2022-10-27 22:06:35');
INSERT INTO `sys_dict` VALUES (746945054311972864, 746889715126370304, '', 'org_category', '3', '小组', 3, 0, 0, 743789983910854656, NULL, '2022-10-27 22:06:29', NULL);

-- ----------------------------
-- Table structure for sys_menu
-- ----------------------------
DROP TABLE IF EXISTS `sys_menu`;
CREATE TABLE `sys_menu`  (
  `id` bigint NOT NULL COMMENT '主键',
  `parentId` bigint NOT NULL DEFAULT 0 COMMENT '父级id',
  `code` varchar(255) CHARACTER SET utf8mb4 COLLATE utf8mb4_0900_ai_ci NULL DEFAULT NULL COMMENT '权限编号',
  `name` varchar(255) CHARACTER SET utf8mb4 COLLATE utf8mb4_0900_ai_ci NULL DEFAULT NULL COMMENT '菜单名称',
  `path` varchar(255) CHARACTER SET utf8mb4 COLLATE utf8mb4_0900_ai_ci NULL DEFAULT NULL COMMENT '菜单路径',
  `category` tinyint NULL DEFAULT NULL COMMENT '菜单类型',
  `sort` int NULL DEFAULT NULL COMMENT '排序',
  `isOpen` tinyint NULL DEFAULT 0 COMMENT '是否打开新窗口',
  `deleted` tinyint NULL DEFAULT 0 COMMENT '0未删除 1已删除',
  `createdBy` bigint NULL DEFAULT NULL COMMENT '创建人',
  `updatedBy` bigint NULL DEFAULT NULL COMMENT '更新人',
  `createdAt` datetime NULL DEFAULT NULL COMMENT '创建时间',
  `updatedAt` datetime NULL DEFAULT NULL COMMENT '更新时间',
  PRIMARY KEY (`id`) USING BTREE
) ENGINE = InnoDB CHARACTER SET = utf8mb4 COLLATE = utf8mb4_0900_ai_ci ROW_FORMAT = Dynamic;

-- ----------------------------
-- Records of sys_menu
-- ----------------------------
INSERT INTO `sys_menu` VALUES (744690820434624512, 0, 'system', '系统管理', '/system', 1, 0, 0, 0, 743789983910854656, 743789983910854656, '2022-10-24 19:27:43', '2022-10-24 22:17:08');
INSERT INTO `sys_menu` VALUES (744713751759945728, 744690820434624512, 'system:menu', '菜单管理', '/system/menu', 1, 0, 0, 0, 743789983910854656, 743789983910854656, '2022-10-24 20:13:17', '2022-10-24 22:06:53');
INSERT INTO `sys_menu` VALUES (744756041593389056, 744690820434624512, 'system:role', '角色管理', '/system/role', 1, 1, 0, 0, 743789983910854656, 743789983910854656, '2022-10-24 21:37:18', '2022-10-24 22:06:51');
INSERT INTO `sys_menu` VALUES (744758062442610688, 744713751759945728, 'system:menu:add', '新增', NULL, 2, 1, 0, 0, 743789983910854656, 743789983910854656, '2022-10-24 21:41:19', '2022-10-24 22:10:28');
INSERT INTO `sys_menu` VALUES (744790194753896448, 744713751759945728, 'system:menu:update', '修改', NULL, 2, 1, 0, 1, 743789983910854656, 743789983910854656, '2022-10-24 22:45:09', '2022-10-24 22:45:17');

-- ----------------------------
-- Table structure for sys_role
-- ----------------------------
DROP TABLE IF EXISTS `sys_role`;
CREATE TABLE `sys_role`  (
  `id` bigint NOT NULL COMMENT '主键',
  `tenantId` varchar(12) CHARACTER SET utf8mb4 COLLATE utf8mb4_general_ci NULL DEFAULT '000000' COMMENT '租户ID',
  `parentId` bigint NULL DEFAULT 0 COMMENT '父主键',
  `roleName` varchar(255) CHARACTER SET utf8mb4 COLLATE utf8mb4_general_ci NULL DEFAULT NULL COMMENT '角色名',
  `sort` int NULL DEFAULT 0 COMMENT '排序',
  `roleAlias` varchar(255) CHARACTER SET utf8mb4 COLLATE utf8mb4_general_ci NULL DEFAULT NULL COMMENT '角色别名',
  `deleted` int NULL DEFAULT 0 COMMENT '是否已删除',
  PRIMARY KEY (`id`) USING BTREE
) ENGINE = InnoDB CHARACTER SET = utf8mb4 COLLATE = utf8mb4_general_ci COMMENT = '角色表' ROW_FORMAT = Dynamic;

-- ----------------------------
-- Records of sys_role
-- ----------------------------
INSERT INTO `sys_role` VALUES (1123598816738675201, '000000', 0, '超级管理员', 1, 'administrator', 0);
INSERT INTO `sys_role` VALUES (1123598816738675202, '000000', 0, '用户', 2, 'user', 0);
INSERT INTO `sys_role` VALUES (1123598816738675203, '000000', 1123598816738675202, '人事', 1, 'hr', 0);
INSERT INTO `sys_role` VALUES (1123598816738675204, '000000', 1123598816738675202, '经理', 2, 'manager', 0);
INSERT INTO `sys_role` VALUES (1123598816738675205, '000000', 1123598816738675202, '老板', 3, 'boss', 0);

-- ----------------------------
-- Table structure for sys_role_menu
-- ----------------------------
DROP TABLE IF EXISTS `sys_role_menu`;
CREATE TABLE `sys_role_menu`  (
  `id` bigint NOT NULL COMMENT '主键',
  `menuId` bigint NOT NULL COMMENT '菜单id',
  `roleId` bigint NOT NULL COMMENT '角色id',
  PRIMARY KEY (`id`) USING BTREE
) ENGINE = InnoDB CHARACTER SET = utf8mb4 COLLATE = utf8mb4_general_ci COMMENT = '角色菜单关联表' ROW_FORMAT = Dynamic;

-- ----------------------------
-- Records of sys_role_menu
-- ----------------------------
INSERT INTO `sys_role_menu` VALUES (1123598817738675363, 1123598815738675201, 1123598816738675202);
INSERT INTO `sys_role_menu` VALUES (1123598817738675364, 1123598815738675202, 1123598816738675202);
INSERT INTO `sys_role_menu` VALUES (1123598817738675365, 1123598815738675219, 1123598816738675202);
INSERT INTO `sys_role_menu` VALUES (1123598817738675366, 1123598815738675220, 1123598816738675202);
INSERT INTO `sys_role_menu` VALUES (1123598817738675367, 1123598815738675221, 1123598816738675202);
INSERT INTO `sys_role_menu` VALUES (1123598817738675368, 1123598815738675222, 1123598816738675202);
INSERT INTO `sys_role_menu` VALUES (1123598817738675369, 1123598815738675280, 1123598816738675202);
INSERT INTO `sys_role_menu` VALUES (1123598817738675370, 1123598815738675281, 1123598816738675202);
INSERT INTO `sys_role_menu` VALUES (1123598817738675371, 1123598815738675282, 1123598816738675202);
INSERT INTO `sys_role_menu` VALUES (1123598817738675372, 1123598815738675283, 1123598816738675202);
INSERT INTO `sys_role_menu` VALUES (1123598817738675373, 1123598815738675284, 1123598816738675202);
INSERT INTO `sys_role_menu` VALUES (1123598817738675374, 1123598815738675285, 1123598816738675202);
INSERT INTO `sys_role_menu` VALUES (1123598817738675375, 1123598815738675286, 1123598816738675202);
INSERT INTO `sys_role_menu` VALUES (1123598817738675376, 1123598815738675287, 1123598816738675202);
INSERT INTO `sys_role_menu` VALUES (1123598817738675377, 1123598815738675288, 1123598816738675202);
INSERT INTO `sys_role_menu` VALUES (1123598817738675378, 1123598815738675289, 1123598816738675202);
INSERT INTO `sys_role_menu` VALUES (1123598817738675379, 1123598815738675290, 1123598816738675202);
INSERT INTO `sys_role_menu` VALUES (1123598817738675380, 1123598815738675291, 1123598816738675202);
INSERT INTO `sys_role_menu` VALUES (1123598817738675381, 1123598815738675292, 1123598816738675202);
INSERT INTO `sys_role_menu` VALUES (1123598817738675382, 1123598815738675293, 1123598816738675202);
INSERT INTO `sys_role_menu` VALUES (1123598817738675383, 1123598815738675294, 1123598816738675202);
INSERT INTO `sys_role_menu` VALUES (1123598817738675384, 1123598815738675295, 1123598816738675202);
INSERT INTO `sys_role_menu` VALUES (1123598817738675385, 1123598815738675296, 1123598816738675202);
INSERT INTO `sys_role_menu` VALUES (1123598817738675386, 1123598815738675297, 1123598816738675202);
INSERT INTO `sys_role_menu` VALUES (1123598817738675387, 1123598815738675201, 1123598816738675203);
INSERT INTO `sys_role_menu` VALUES (1123598817738675388, 1123598815738675202, 1123598816738675203);
INSERT INTO `sys_role_menu` VALUES (1123598817738675389, 1123598815738675219, 1123598816738675203);
INSERT INTO `sys_role_menu` VALUES (1123598817738675390, 1123598815738675220, 1123598816738675203);
INSERT INTO `sys_role_menu` VALUES (1123598817738675391, 1123598815738675221, 1123598816738675203);
INSERT INTO `sys_role_menu` VALUES (1123598817738675392, 1123598815738675222, 1123598816738675203);
INSERT INTO `sys_role_menu` VALUES (1123598817738675393, 1123598815738675280, 1123598816738675203);
INSERT INTO `sys_role_menu` VALUES (1123598817738675394, 1123598815738675281, 1123598816738675203);
INSERT INTO `sys_role_menu` VALUES (1123598817738675395, 1123598815738675282, 1123598816738675203);
INSERT INTO `sys_role_menu` VALUES (1123598817738675396, 1123598815738675283, 1123598816738675203);
INSERT INTO `sys_role_menu` VALUES (1123598817738675397, 1123598815738675284, 1123598816738675203);
INSERT INTO `sys_role_menu` VALUES (1123598817738675398, 1123598815738675285, 1123598816738675203);
INSERT INTO `sys_role_menu` VALUES (1123598817738675399, 1123598815738675286, 1123598816738675203);
INSERT INTO `sys_role_menu` VALUES (1123598817738675400, 1123598815738675287, 1123598816738675203);
INSERT INTO `sys_role_menu` VALUES (1123598817738675401, 1123598815738675288, 1123598816738675203);
INSERT INTO `sys_role_menu` VALUES (1123598817738675402, 1123598815738675289, 1123598816738675203);
INSERT INTO `sys_role_menu` VALUES (1123598817738675403, 1123598815738675290, 1123598816738675203);
INSERT INTO `sys_role_menu` VALUES (1123598817738675404, 1123598815738675291, 1123598816738675203);
INSERT INTO `sys_role_menu` VALUES (1123598817738675405, 1123598815738675292, 1123598816738675203);
INSERT INTO `sys_role_menu` VALUES (1123598817738675406, 1123598815738675293, 1123598816738675203);
INSERT INTO `sys_role_menu` VALUES (1123598817738675407, 1123598815738675294, 1123598816738675203);
INSERT INTO `sys_role_menu` VALUES (1123598817738675408, 1123598815738675295, 1123598816738675203);
INSERT INTO `sys_role_menu` VALUES (1123598817738675409, 1123598815738675296, 1123598816738675203);
INSERT INTO `sys_role_menu` VALUES (1123598817738675410, 1123598815738675297, 1123598816738675203);
INSERT INTO `sys_role_menu` VALUES (1123598817738675411, 1123598815738675201, 1123598816738675204);
INSERT INTO `sys_role_menu` VALUES (1123598817738675412, 1123598815738675202, 1123598816738675204);
INSERT INTO `sys_role_menu` VALUES (1123598817738675413, 1123598815738675219, 1123598816738675204);
INSERT INTO `sys_role_menu` VALUES (1123598817738675414, 1123598815738675220, 1123598816738675204);
INSERT INTO `sys_role_menu` VALUES (1123598817738675415, 1123598815738675221, 1123598816738675204);
INSERT INTO `sys_role_menu` VALUES (1123598817738675416, 1123598815738675222, 1123598816738675204);
INSERT INTO `sys_role_menu` VALUES (1123598817738675417, 1123598815738675280, 1123598816738675204);
INSERT INTO `sys_role_menu` VALUES (1123598817738675418, 1123598815738675281, 1123598816738675204);
INSERT INTO `sys_role_menu` VALUES (1123598817738675419, 1123598815738675282, 1123598816738675204);
INSERT INTO `sys_role_menu` VALUES (1123598817738675420, 1123598815738675283, 1123598816738675204);
INSERT INTO `sys_role_menu` VALUES (1123598817738675421, 1123598815738675284, 1123598816738675204);
INSERT INTO `sys_role_menu` VALUES (1123598817738675422, 1123598815738675285, 1123598816738675204);
INSERT INTO `sys_role_menu` VALUES (1123598817738675423, 1123598815738675286, 1123598816738675204);
INSERT INTO `sys_role_menu` VALUES (1123598817738675424, 1123598815738675287, 1123598816738675204);
INSERT INTO `sys_role_menu` VALUES (1123598817738675425, 1123598815738675288, 1123598816738675204);
INSERT INTO `sys_role_menu` VALUES (1123598817738675426, 1123598815738675289, 1123598816738675204);
INSERT INTO `sys_role_menu` VALUES (1123598817738675427, 1123598815738675290, 1123598816738675204);
INSERT INTO `sys_role_menu` VALUES (1123598817738675428, 1123598815738675291, 1123598816738675204);
INSERT INTO `sys_role_menu` VALUES (1123598817738675429, 1123598815738675292, 1123598816738675204);
INSERT INTO `sys_role_menu` VALUES (1123598817738675430, 1123598815738675293, 1123598816738675204);
INSERT INTO `sys_role_menu` VALUES (1123598817738675431, 1123598815738675294, 1123598816738675204);
INSERT INTO `sys_role_menu` VALUES (1123598817738675432, 1123598815738675295, 1123598816738675204);
INSERT INTO `sys_role_menu` VALUES (1123598817738675433, 1123598815738675296, 1123598816738675204);
INSERT INTO `sys_role_menu` VALUES (1123598817738675434, 1123598815738675297, 1123598816738675204);
INSERT INTO `sys_role_menu` VALUES (1123598817738675435, 1123598815738675201, 1123598816738675205);
INSERT INTO `sys_role_menu` VALUES (1123598817738675436, 1123598815738675202, 1123598816738675205);
INSERT INTO `sys_role_menu` VALUES (1123598817738675437, 1123598815738675219, 1123598816738675205);
INSERT INTO `sys_role_menu` VALUES (1123598817738675438, 1123598815738675220, 1123598816738675205);
INSERT INTO `sys_role_menu` VALUES (1123598817738675439, 1123598815738675221, 1123598816738675205);
INSERT INTO `sys_role_menu` VALUES (1123598817738675440, 1123598815738675222, 1123598816738675205);
INSERT INTO `sys_role_menu` VALUES (1123598817738675441, 1123598815738675280, 1123598816738675205);
INSERT INTO `sys_role_menu` VALUES (1123598817738675442, 1123598815738675281, 1123598816738675205);
INSERT INTO `sys_role_menu` VALUES (1123598817738675443, 1123598815738675282, 1123598816738675205);
INSERT INTO `sys_role_menu` VALUES (1123598817738675444, 1123598815738675283, 1123598816738675205);
INSERT INTO `sys_role_menu` VALUES (1123598817738675445, 1123598815738675284, 1123598816738675205);
INSERT INTO `sys_role_menu` VALUES (1123598817738675446, 1123598815738675285, 1123598816738675205);
INSERT INTO `sys_role_menu` VALUES (1123598817738675447, 1123598815738675286, 1123598816738675205);
INSERT INTO `sys_role_menu` VALUES (1123598817738675448, 1123598815738675287, 1123598816738675205);
INSERT INTO `sys_role_menu` VALUES (1123598817738675449, 1123598815738675288, 1123598816738675205);
INSERT INTO `sys_role_menu` VALUES (1123598817738675450, 1123598815738675289, 1123598816738675205);
INSERT INTO `sys_role_menu` VALUES (1123598817738675451, 1123598815738675290, 1123598816738675205);
INSERT INTO `sys_role_menu` VALUES (1123598817738675452, 1123598815738675291, 1123598816738675205);
INSERT INTO `sys_role_menu` VALUES (1123598817738675453, 1123598815738675292, 1123598816738675205);
INSERT INTO `sys_role_menu` VALUES (1123598817738675454, 1123598815738675293, 1123598816738675205);
INSERT INTO `sys_role_menu` VALUES (1123598817738675455, 1123598815738675294, 1123598816738675205);
INSERT INTO `sys_role_menu` VALUES (1123598817738675456, 1123598815738675295, 1123598816738675205);
INSERT INTO `sys_role_menu` VALUES (1123598817738675457, 1123598815738675296, 1123598816738675205);
INSERT INTO `sys_role_menu` VALUES (1123598817738675458, 1123598815738675297, 1123598816738675205);
INSERT INTO `sys_role_menu` VALUES (1149888292426575874, 1123598815738675201, 1123598816738675201);
INSERT INTO `sys_role_menu` VALUES (1149888292476907522, 1123598815738675202, 1123598816738675201);
INSERT INTO `sys_role_menu` VALUES (1149888292489490433, 1123598815738675219, 1123598816738675201);
INSERT INTO `sys_role_menu` VALUES (1149888292502073345, 1123598815738675220, 1123598816738675201);
INSERT INTO `sys_role_menu` VALUES (1149888292518850561, 1123598815738675221, 1123598816738675201);
INSERT INTO `sys_role_menu` VALUES (1149888292535627777, 1123598815738675222, 1123598816738675201);
INSERT INTO `sys_role_menu` VALUES (1149888292548210690, 1123598815738675280, 1123598816738675201);
INSERT INTO `sys_role_menu` VALUES (1149888292560793602, 1123598815738675281, 1123598816738675201);
INSERT INTO `sys_role_menu` VALUES (1149888292577570817, 1123598815738675282, 1123598816738675201);
INSERT INTO `sys_role_menu` VALUES (1149888292594348033, 1123598815738675283, 1123598816738675201);
INSERT INTO `sys_role_menu` VALUES (1149888292611125249, 1123598815738675284, 1123598816738675201);
INSERT INTO `sys_role_menu` VALUES (1149888292623708162, 1123598815738675285, 1123598816738675201);
INSERT INTO `sys_role_menu` VALUES (1149888292640485377, 1123598815738675286, 1123598816738675201);
INSERT INTO `sys_role_menu` VALUES (1149888292653068289, 1123598815738675287, 1123598816738675201);
INSERT INTO `sys_role_menu` VALUES (1149888292669845506, 1123598815738675288, 1123598816738675201);
INSERT INTO `sys_role_menu` VALUES (1149888292682428417, 1123598815738675289, 1123598816738675201);
INSERT INTO `sys_role_menu` VALUES (1149888292699205634, 1123598815738675290, 1123598816738675201);
INSERT INTO `sys_role_menu` VALUES (1149888292711788545, 1123598815738675291, 1123598816738675201);
INSERT INTO `sys_role_menu` VALUES (1149888292724371458, 1123598815738675292, 1123598816738675201);
INSERT INTO `sys_role_menu` VALUES (1149888292741148674, 1123598815738675293, 1123598816738675201);
INSERT INTO `sys_role_menu` VALUES (1149888292753731585, 1123598815738675294, 1123598816738675201);
INSERT INTO `sys_role_menu` VALUES (1149888292766314497, 1123598815738675295, 1123598816738675201);
INSERT INTO `sys_role_menu` VALUES (1149888292778897410, 1123598815738675296, 1123598816738675201);
INSERT INTO `sys_role_menu` VALUES (1149888292791480321, 1123598815738675297, 1123598816738675201);
INSERT INTO `sys_role_menu` VALUES (1149888292808257537, 1123598815738675210, 1123598816738675201);
INSERT INTO `sys_role_menu` VALUES (1149888292820840449, 1123598815738675211, 1123598816738675201);
INSERT INTO `sys_role_menu` VALUES (1149888292833423362, 1123598815738675212, 1123598816738675201);
INSERT INTO `sys_role_menu` VALUES (1149888292846006274, 1123598815738675213, 1123598816738675201);
INSERT INTO `sys_role_menu` VALUES (1149888292862783489, 1123598815738675214, 1123598816738675201);
INSERT INTO `sys_role_menu` VALUES (1149888292875366401, 1123598815738675249, 1123598816738675201);
INSERT INTO `sys_role_menu` VALUES (1149888292887949313, 1123598815738675215, 1123598816738675201);
INSERT INTO `sys_role_menu` VALUES (1149888292904726530, 1123598815738675250, 1123598816738675201);
INSERT INTO `sys_role_menu` VALUES (1149888292917309442, 1123598815738675216, 1123598816738675201);
INSERT INTO `sys_role_menu` VALUES (1149888292929892353, 1123598815738675251, 1123598816738675201);
INSERT INTO `sys_role_menu` VALUES (1149888292942475265, 1123598815738675217, 1123598816738675201);
INSERT INTO `sys_role_menu` VALUES (1149888292959252482, 1123598815738675218, 1123598816738675201);
INSERT INTO `sys_role_menu` VALUES (1149888292971835393, 1123598815738675252, 1123598816738675201);
INSERT INTO `sys_role_menu` VALUES (1149888292984418306, 1123598815738675253, 1123598816738675201);
INSERT INTO `sys_role_menu` VALUES (1149888292997001217, 1123598815738675254, 1123598816738675201);
INSERT INTO `sys_role_menu` VALUES (1149888293009584129, 1123598815738675255, 1123598816738675201);
INSERT INTO `sys_role_menu` VALUES (1149888293026361346, 1123598815738675266, 1123598816738675201);
INSERT INTO `sys_role_menu` VALUES (1149888293043138562, 1123598815738675267, 1123598816738675201);
INSERT INTO `sys_role_menu` VALUES (1149888293055721473, 1123598815738675268, 1123598816738675201);
INSERT INTO `sys_role_menu` VALUES (1149888293072498690, 1123598815738675269, 1123598816738675201);
INSERT INTO `sys_role_menu` VALUES (1149888293089275906, 1123598815738675270, 1123598816738675201);
INSERT INTO `sys_role_menu` VALUES (1149888293101858817, 1123598815738675271, 1123598816738675201);
INSERT INTO `sys_role_menu` VALUES (1149888293114441729, 1123598815738675272, 1123598816738675201);
INSERT INTO `sys_role_menu` VALUES (1149888293127024642, 1123598815738675273, 1123598816738675201);
INSERT INTO `sys_role_menu` VALUES (1149888293139607554, 1123598815738675274, 1123598816738675201);
INSERT INTO `sys_role_menu` VALUES (1149888293152190465, 1123598815738675275, 1123598816738675201);
INSERT INTO `sys_role_menu` VALUES (1149888293164773377, 1123598815738675276, 1123598816738675201);
INSERT INTO `sys_role_menu` VALUES (1149888293177356290, 1123598815738675277, 1123598816738675201);
INSERT INTO `sys_role_menu` VALUES (1149888293189939201, 1123598815738675278, 1123598816738675201);
INSERT INTO `sys_role_menu` VALUES (1149888293202522113, 1123598815738675279, 1123598816738675201);
INSERT INTO `sys_role_menu` VALUES (1149888293215105026, 1123598815738675298, 1123598816738675201);
INSERT INTO `sys_role_menu` VALUES (1149888293227687938, 1123598815738675299, 1123598816738675201);
INSERT INTO `sys_role_menu` VALUES (1149888293240270850, 1123598815738675301, 1123598816738675201);
INSERT INTO `sys_role_menu` VALUES (1149888293252853762, 1123598815738675302, 1123598816738675201);
INSERT INTO `sys_role_menu` VALUES (1149888293265436674, 1123598815738675303, 1123598816738675201);
INSERT INTO `sys_role_menu` VALUES (1149888293278019586, 1123598815738675304, 1123598816738675201);
INSERT INTO `sys_role_menu` VALUES (1149888293290602497, 1123598815738675305, 1123598816738675201);
INSERT INTO `sys_role_menu` VALUES (1149888293303185410, 1123598815738675307, 1123598816738675201);
INSERT INTO `sys_role_menu` VALUES (1149888293315768322, 1123598815738675308, 1123598816738675201);
INSERT INTO `sys_role_menu` VALUES (1149888293328351234, 1123598815738675241, 1123598816738675201);
INSERT INTO `sys_role_menu` VALUES (1149888293336739841, 1123598815738675242, 1123598816738675201);
INSERT INTO `sys_role_menu` VALUES (1149888293349322753, 1123598815738675243, 1123598816738675201);
INSERT INTO `sys_role_menu` VALUES (1149888293361905666, 1123598815738675244, 1123598816738675201);
INSERT INTO `sys_role_menu` VALUES (1149888293374488578, 1123598815738675309, 1123598816738675201);
INSERT INTO `sys_role_menu` VALUES (1149888293387071489, 1123598815738675310, 1123598816738675201);
INSERT INTO `sys_role_menu` VALUES (1149888293399654402, 1123598815738675311, 1123598816738675201);
INSERT INTO `sys_role_menu` VALUES (1149888293412237313, 1123598815738675312, 1123598816738675201);
INSERT INTO `sys_role_menu` VALUES (1149888293424820226, 1123598815738675203, 1123598816738675201);
INSERT INTO `sys_role_menu` VALUES (1149888293454180354, 1123598815738675204, 1123598816738675201);
INSERT INTO `sys_role_menu` VALUES (1149888293483540481, 1123598815738675223, 1123598816738675201);
INSERT INTO `sys_role_menu` VALUES (1149888293512900609, 1123598815738675224, 1123598816738675201);
INSERT INTO `sys_role_menu` VALUES (1149888293529677826, 1123598815738675225, 1123598816738675201);
INSERT INTO `sys_role_menu` VALUES (1149888293554843649, 1123598815738675226, 1123598816738675201);
INSERT INTO `sys_role_menu` VALUES (1149888293571620866, 1123598815738675227, 1123598816738675201);
INSERT INTO `sys_role_menu` VALUES (1149888293588398081, 1123598815738675228, 1123598816738675201);
INSERT INTO `sys_role_menu` VALUES (1149888293605175297, 1123598815738675205, 1123598816738675201);
INSERT INTO `sys_role_menu` VALUES (1149888293617758209, 1123598815738675229, 1123598816738675201);
INSERT INTO `sys_role_menu` VALUES (1149888293630341121, 1123598815738675230, 1123598816738675201);
INSERT INTO `sys_role_menu` VALUES (1149888293642924033, 1123598815738675231, 1123598816738675201);
INSERT INTO `sys_role_menu` VALUES (1149888293659701250, 1123598815738675232, 1123598816738675201);
INSERT INTO `sys_role_menu` VALUES (1149888293672284162, 1123598815738675206, 1123598816738675201);
INSERT INTO `sys_role_menu` VALUES (1149888293684867074, 1123598815738675233, 1123598816738675201);
INSERT INTO `sys_role_menu` VALUES (1149888293697449986, 1123598815738675234, 1123598816738675201);
INSERT INTO `sys_role_menu` VALUES (1149888293710032897, 1123598815738675235, 1123598816738675201);
INSERT INTO `sys_role_menu` VALUES (1149888293722615809, 1123598815738675236, 1123598816738675201);
INSERT INTO `sys_role_menu` VALUES (1149888293735198722, 1123598815738675207, 1123598816738675201);
INSERT INTO `sys_role_menu` VALUES (1149888293747781633, 1123598815738675237, 1123598816738675201);
INSERT INTO `sys_role_menu` VALUES (1149888293760364545, 1123598815738675238, 1123598816738675201);
INSERT INTO `sys_role_menu` VALUES (1149888293772947458, 1123598815738675239, 1123598816738675201);
INSERT INTO `sys_role_menu` VALUES (1149888293785530370, 1123598815738675240, 1123598816738675201);
INSERT INTO `sys_role_menu` VALUES (1149888293798113282, 1123598815738675306, 1123598816738675201);
INSERT INTO `sys_role_menu` VALUES (1149888293810696194, 1123598815738675208, 1123598816738675201);
INSERT INTO `sys_role_menu` VALUES (1149888293819084802, 1123598815738675313, 1123598816738675201);
INSERT INTO `sys_role_menu` VALUES (1149888293831667714, 1123598815738675314, 1123598816738675201);
INSERT INTO `sys_role_menu` VALUES (1149888293844250626, 1123598815738675315, 1123598816738675201);
INSERT INTO `sys_role_menu` VALUES (1149888293856833538, 1123598815738675316, 1123598816738675201);
INSERT INTO `sys_role_menu` VALUES (1149888293856833539, 1123598815738675317, 1123598816738675201);
INSERT INTO `sys_role_menu` VALUES (1149888293869416450, 1123598815738675209, 1123598816738675201);
INSERT INTO `sys_role_menu` VALUES (1149888293881999362, 1123598815738675245, 1123598816738675201);
INSERT INTO `sys_role_menu` VALUES (1149888293894582274, 1123598815738675246, 1123598816738675201);
INSERT INTO `sys_role_menu` VALUES (1149888293907165186, 1123598815738675247, 1123598816738675201);
INSERT INTO `sys_role_menu` VALUES (1149888293919748097, 1123598815738675248, 1123598816738675201);
INSERT INTO `sys_role_menu` VALUES (1149888293932331010, 1123598815738675256, 1123598816738675201);
INSERT INTO `sys_role_menu` VALUES (1149888293940719618, 1123598815738675257, 1123598816738675201);
INSERT INTO `sys_role_menu` VALUES (1149888293953302530, 1123598815738675258, 1123598816738675201);
INSERT INTO `sys_role_menu` VALUES (1149888293965885441, 1123598815738675259, 1123598816738675201);
INSERT INTO `sys_role_menu` VALUES (1149888293978468354, 1123598815738675260, 1123598816738675201);
INSERT INTO `sys_role_menu` VALUES (1149888293986856962, 1123598815738675261, 1123598816738675201);
INSERT INTO `sys_role_menu` VALUES (1149888293999439874, 1123598815738675262, 1123598816738675201);
INSERT INTO `sys_role_menu` VALUES (1149888294007828482, 1123598815738675263, 1123598816738675201);
INSERT INTO `sys_role_menu` VALUES (1149888294020411393, 1123598815738675264, 1123598816738675201);
INSERT INTO `sys_role_menu` VALUES (1149888294028800002, 1123598815738675265, 1123598816738675201);
INSERT INTO `sys_role_menu` VALUES (1161272593873322991, 1161272593873321991, 1123598816738675201);
INSERT INTO `sys_role_menu` VALUES (1161272593873322992, 1161272593873321992, 1123598816738675201);
INSERT INTO `sys_role_menu` VALUES (1161272593873322993, 1161272593873321993, 1123598816738675201);
INSERT INTO `sys_role_menu` VALUES (1161272593873322994, 1161272593873321994, 1123598816738675201);
INSERT INTO `sys_role_menu` VALUES (1161272593873322995, 1161272593873321995, 1123598816738675201);
INSERT INTO `sys_role_menu` VALUES (1161272593873322996, 1164733121140551682, 1123598816738675201);
INSERT INTO `sys_role_menu` VALUES (1161272593873322997, 1164733349637844993, 1123598816738675201);
INSERT INTO `sys_role_menu` VALUES (1161272693873322991, 1164733369658963251, 1123598816738675201);
INSERT INTO `sys_role_menu` VALUES (1161272693873322992, 1164733369658963252, 1123598816738675201);
INSERT INTO `sys_role_menu` VALUES (1161272693873322993, 1164733369658963253, 1123598816738675201);
INSERT INTO `sys_role_menu` VALUES (1161272693873322994, 1164733369658963254, 1123598816738675201);
INSERT INTO `sys_role_menu` VALUES (1161272693873322995, 1164733369658963255, 1123598816738675201);
INSERT INTO `sys_role_menu` VALUES (1161272793873322991, 1164733379658963251, 1123598816738675201);
INSERT INTO `sys_role_menu` VALUES (1161272793873322992, 1164733379658963252, 1123598816738675201);
INSERT INTO `sys_role_menu` VALUES (1161272793873322993, 1164733379658963253, 1123598816738675201);
INSERT INTO `sys_role_menu` VALUES (1161272793873322994, 1164733379658963254, 1123598816738675201);
INSERT INTO `sys_role_menu` VALUES (1161272793873322995, 1164733379658963255, 1123598816738675201);
INSERT INTO `sys_role_menu` VALUES (1161272893873222991, 1164733389658962251, 1123598816738675201);
INSERT INTO `sys_role_menu` VALUES (1161272893873222992, 1164733389658962252, 1123598816738675201);
INSERT INTO `sys_role_menu` VALUES (1161272893873222993, 1164733389658962253, 1123598816738675201);
INSERT INTO `sys_role_menu` VALUES (1161272893873222994, 1164733389658962254, 1123598816738675201);
INSERT INTO `sys_role_menu` VALUES (1161272893873222995, 1164733389658962255, 1123598816738675201);
INSERT INTO `sys_role_menu` VALUES (1161272893873222996, 1164733389658962256, 1123598816738675201);
INSERT INTO `sys_role_menu` VALUES (1161272893873322991, 1164733389658963251, 1123598816738675201);
INSERT INTO `sys_role_menu` VALUES (1161272893875225001, 1164733389668962251, 1123598816738675201);
INSERT INTO `sys_role_menu` VALUES (1161272893875225002, 1164733389668962252, 1123598816738675201);
INSERT INTO `sys_role_menu` VALUES (1161272893875225003, 1164733389668962253, 1123598816738675201);
INSERT INTO `sys_role_menu` VALUES (1161272893875225004, 1164733389668962254, 1123598816738675201);
INSERT INTO `sys_role_menu` VALUES (1161272893875225005, 1164733389668962255, 1123598816738675201);
INSERT INTO `sys_role_menu` VALUES (1161272893875225006, 1164733389668962256, 1123598816738675201);
INSERT INTO `sys_role_menu` VALUES (1161272893875226001, 1164733399668962201, 1123598816738675201);
INSERT INTO `sys_role_menu` VALUES (1161272893875226002, 1164733399668962202, 1123598816738675201);
INSERT INTO `sys_role_menu` VALUES (1161272893875226003, 1164733399668962203, 1123598816738675201);
INSERT INTO `sys_role_menu` VALUES (1161272893875226004, 1164733399668962204, 1123598816738675201);
INSERT INTO `sys_role_menu` VALUES (1161272893875226005, 1164733399668962205, 1123598816738675201);
INSERT INTO `sys_role_menu` VALUES (1161272893875226006, 1164733399668962206, 1123598816738675201);
INSERT INTO `sys_role_menu` VALUES (1161272893875226007, 1164733399668962207, 1123598816738675201);
INSERT INTO `sys_role_menu` VALUES (1161272893875227001, 1164733399669962201, 1123598816738675201);
INSERT INTO `sys_role_menu` VALUES (1161272893875227002, 1164733399669962202, 1123598816738675201);
INSERT INTO `sys_role_menu` VALUES (1161272893875227003, 1164733399669962203, 1123598816738675201);
INSERT INTO `sys_role_menu` VALUES (1161272893875227004, 1164733399669962204, 1123598816738675201);
INSERT INTO `sys_role_menu` VALUES (1161272893875228001, 1164733399669962301, 1123598816738675201);
INSERT INTO `sys_role_menu` VALUES (1161272893875228002, 1164733399669962302, 1123598816738675201);
INSERT INTO `sys_role_menu` VALUES (1161272893875228003, 1164733399669962303, 1123598816738675201);
INSERT INTO `sys_role_menu` VALUES (1161272893875228004, 1164733399669962304, 1123598816738675201);

-- ----------------------------
-- Table structure for sys_tenant
-- ----------------------------
DROP TABLE IF EXISTS `sys_tenant`;
CREATE TABLE `sys_tenant`  (
  `id` bigint NOT NULL COMMENT '主键',
  `tenantId` varchar(12) CHARACTER SET utf8mb4 COLLATE utf8mb4_general_ci NULL DEFAULT '000000' COMMENT '租户ID',
  `tenantName` varchar(50) CHARACTER SET utf8mb4 COLLATE utf8mb4_general_ci NOT NULL COMMENT '租户名称',
  `enabled` tinyint NULL DEFAULT 1 COMMENT '是否启用',
  `deleted` tinyint NULL DEFAULT 0 COMMENT '是否已删除',
  `createdBy` bigint NULL DEFAULT NULL COMMENT '创建人',
  `updatedBy` bigint NULL DEFAULT NULL COMMENT '更新人',
  `createdAt` datetime NULL DEFAULT NULL COMMENT '创建时间',
  `updatedAt` datetime NULL DEFAULT NULL COMMENT '更新时间',
  PRIMARY KEY (`id`) USING BTREE
) ENGINE = InnoDB CHARACTER SET = utf8mb4 COLLATE = utf8mb4_general_ci COMMENT = '租户表' ROW_FORMAT = Dynamic;

-- ----------------------------
-- Records of sys_tenant
-- ----------------------------
INSERT INTO `sys_tenant` VALUES (746871487847202816, '123456', '测试', 1, 0, 743789983910854656, NULL, '2022-10-27 19:40:19', NULL);
INSERT INTO `sys_tenant` VALUES (746878914181201920, '111111', '111111', 1, 0, 743789983910854656, 743789983910854656, '2022-10-27 19:55:04', '2022-10-27 19:55:11');
INSERT INTO `sys_tenant` VALUES (1123598820738675201, '000000', '管理组', 1, 0, 743789983910854656, NULL, '2022-10-26 19:40:54', NULL);

-- ----------------------------
-- Table structure for sys_user
-- ----------------------------
DROP TABLE IF EXISTS `sys_user`;
CREATE TABLE `sys_user`  (
  `id` bigint NOT NULL COMMENT '主键',
  `username` varchar(255) CHARACTER SET utf8mb4 COLLATE utf8mb4_0900_ai_ci NOT NULL COMMENT '用户名',
  `password` varchar(255) CHARACTER SET utf8mb4 COLLATE utf8mb4_0900_ai_ci NOT NULL COMMENT '密码',
  `nickname` varchar(255) CHARACTER SET utf8mb4 COLLATE utf8mb4_0900_ai_ci NULL DEFAULT NULL COMMENT '昵称',
  `status` tinyint NULL DEFAULT NULL COMMENT '状态',
  `avator` varchar(255) CHARACTER SET utf8mb4 COLLATE utf8mb4_0900_ai_ci NULL DEFAULT NULL COMMENT '头像',
  `departmentId` bigint NULL DEFAULT NULL COMMENT '组织机构ID',
  `tenantId` varchar(12) CHARACTER SET utf8mb4 COLLATE utf8mb4_general_ci NULL DEFAULT '000000' COMMENT '租户ID',
  `enabled` tinyint NULL DEFAULT 1 COMMENT '0禁用 1启用',
  `deleted` tinyint NULL DEFAULT 0 COMMENT '0未删除 1已删除',
  `createdBy` bigint NULL DEFAULT NULL COMMENT '创建人',
  `updatedBy` bigint NULL DEFAULT NULL COMMENT '更新人',
  `createdAt` datetime NULL DEFAULT NULL COMMENT '创建时间',
  `updatedAt` datetime NULL DEFAULT NULL COMMENT '更新时间',
  PRIMARY KEY (`id`) USING BTREE
) ENGINE = InnoDB CHARACTER SET = utf8mb4 COLLATE = utf8mb4_0900_ai_ci ROW_FORMAT = Dynamic;

-- ----------------------------
-- Records of sys_user
-- ----------------------------
INSERT INTO `sys_user` VALUES (743789983910854656, 'admin', '{bcrypt}$2a$10$oHBVL/XShW5xppO8DJSTh.xkN5xpFxSutnhlnFCvg0n3MtBKp7Z.q', NULL, NULL, NULL, NULL, '000000', 1, 0, NULL, NULL, '2022-10-23 13:37:55', NULL);

SET FOREIGN_KEY_CHECKS = 1;
